Simulation time, Job produced counter, Turnaround time, Arrival time, Job arrival rate, Throughput, Queue size, Average turnaround time
55.203109040325764,1,50.203109040325764,5.0,0.24528301886792453,0.018114921738728557,12,50.203109040325764
64.84346620014747,2,54.843466200147475,10.0,0.23809523809523808,0.030843508485908968,13,52.523287620236616
100.39926097695084,3,89.39926097695084,11.0,0.24,0.02988069803311326,21,64.81527873914136
129.99172118553986,4,113.99172118553986,16.0,0.23809523809523808,0.03077119037673728,26,77.10938935074098
143.80582532558057,5,126.80582532558057,17.0,0.23943661971830985,0.03476910611013048,29,87.0486765457089
160.79985479759776,6,138.79985479759776,22.0,0.24050632911392406,0.03731346652988169,32,95.6738729210237
201.4972389486537,7,174.4972389486537,27.0,0.25252525252525254,0.03473993011777083,43,106.9343537821137
253.527220678526,8,221.527220678526,32.0,0.24497991967871485,0.03155479706908493,53,121.25846214416524
266.45365273867134,9,229.45365273867134,37.0,0.24528301886792453,0.033776981127847,56,133.28014998799924
441.60322011408806,10,399.60322011408806,42.0,0.23462414578587698,0.022644762412322317,93,159.91245700060813
506.71349929739745,11,459.71349929739745,47.0,0.2316831683168317,0.021708519736009523,106,187.16709720940716
523.050466067483,12,471.05046606748294,52.0,0.23224568138195778,0.02294233688428027,109,210.8240446142468
545.3669093535901,13,492.36690935359013,53.0,0.23388581952117865,0.023837163159401396,114,232.48118805573475
588.4500493960866,14,530.4500493960866,58.0,0.23679727427597955,0.023791314172490755,125,253.76467815147413
704.2407965814759,15,641.2407965814759,63.0,0.2342857142857143,0.021299532876841224,149,279.5964193801409
705.5124603672696,16,637.5124603672696,68.0,0.23404255319148937,0.02267855055553641,149,301.9661719418364
706.9250151544035,17,637.9250151544035,69.0,0.23512747875354106,0.024047812194461577,149,321.72845683669334
707.9374812837714,18,633.9374812837714,74.0,0.23512747875354106,0.02542597401024574,148,339.07340263930877
709.2294901603659,19,630.2294901603659,79.0,0.23512747875354106,0.026789636166572622,147,354.3974072456802
710.7904359222292,20,626.7904359222292,84.0,0.23512747875354106,0.02813768867619976,146,368.0170586795076
719.4362706892373,21,630.4362706892373,89.0,0.23570432357043236,0.029189520817294205,148,380.5132116323519
733.5100717105742,22,643.5100717105742,90.0,0.23731138545953362,0.029992771535767928,151,392.46761436318013
747.4726980621728,23,652.4726980621728,95.0,0.23962516733601072,0.030770354635865138,156,403.7721832196581
763.6132248052144,24,663.6132248052144,100.0,0.24110671936758893,0.03142952376986664,159,414.5988932857229
938.4513574207364,25,833.4513574207364,105.0,0.23667377398720682,0.02663963326635345,197,431.3529918511234
940.0750772997151,26,830.0750772997151,110.0,0.23667377398720682,0.027657365489023245,196,446.6884566760692
940.3703356243735,27,825.3703356243735,115.0,0.23667377398720682,0.02871209243544771,195,460.71371145193234
949.080659859042,28,833.080659859042,116.0,0.23809523809523808,0.02950223430341376,197,474.0125310379006
952.6355158291502,29,831.6355158291502,121.0,0.23949579831932774,0.030441863145065636,199,486.3443580996678
953.2281284951789,30,827.2281284951789,126.0,0.23949579831932774,0.031472004552949705,198,497.7071504461848
954.6626314227815,31,823.6626314227815,131.0,0.23949579831932774,0.03247220429461992,197,508.22184338091375
956.207776624742,32,824.207776624742,132.0,0.23949579831932774,0.03346552996353449,196,518.0964037947833
959.3869736867748,33,822.3869736867748,137.0,0.24008350730688935,0.03439696483806335,197,527.3173301551467
961.9121972056266,34,819.9121972056266,142.0,0.24008350730688935,0.03534626143505681,196,535.9230615389844
963.8662062168445,35,816.8662062168445,147.0,0.2398753894080997,0.0363120937058,196,543.9500085297803
965.7122106938236,36,817.7122106938236,148.0,0.24145077720207253,0.037278186608136095,197,551.5545141454481
975.0053163762345,37,822.0053163762345,153.0,0.24102564102564103,0.03794851102711573,198,558.8639952868208
1011.2584311015187,38,853.2584311015187,158.0,0.2413108242303873,0.03757694258094669,205,566.6112172819445
1026.3166865307626,39,863.3166865307626,163.0,0.2421875,0.03799996678591567,209,574.2190498267859
1052.4935341796681,40,884.4935341796681,168.0,0.24262607040913417,0.03800498406973749,215,581.975911935608
1057.8123319084798,41,884.8123319084798,173.0,0.24242424242424243,0.0387592380644956,215,589.3621660812878
1080.2838808895044,42,906.2838808895044,174.0,0.24233983286908078,0.038878669526585224,219,596.9079211957692
1080.8088109004289,43,901.8088109004289,179.0,0.24233983286908078,0.03978501985395217,218,603.9986395609938
1110.866860930956,44,930.8668609309559,180.0,0.24324324324324326,0.03960870699043632,226,611.4274627739475
1140.9009558176358,45,959.9009558176358,181.0,0.2436235708003518,0.039442512314971624,232,619.1713181749184
1142.59152985268,46,956.59152985268,186.0,0.2434325744308231,0.04025935673261206,232,626.5065401679132
1160.6958120347251,47,973.6958120347251,187.0,0.24482758620689654,0.04049295216944737,237,633.8935459523135
1175.6177628806518,48,983.6177628806518,192.0,0.24508966695132364,0.040829597438528105,239,641.1794671383205
1228.5356330535005,49,1035.5356330535005,193.0,0.24509803921568626,0.03988488301166446,251,649.2275521569976
1231.266190644885,50,1033.266190644885,198.0,0.2449145646867372,0.04060860306235821,251,656.9083249267554
1231.4823153051643,51,1028.4823153051643,203.0,0.2449145646867372,0.04141350579391964,250,664.1940894439791
1233.1634385984169,52,1025.1634385984169,208.0,0.2449145646867372,0.042167970905058555,249,671.135807696949
1246.3649456431635,53,1033.3649456431635,213.0,0.24497991967871485,0.04252366065434417,252,677.9703197336701
1269.7825037712712,54,1051.7825037712712,218.0,0.24743083003952568,0.04252696807494139,259,684.8927675862183
1336.4727097039342,55,1113.4727097039342,223.0,0.24681170292573143,0.04115310368902634,274,692.6851301701768
1337.340917554232,56,1109.340917554232,228.0,0.24681170292573143,0.04187413939477335,273,700.1254120877492
1339.86583033272,57,1106.86583033272,233.0,0.24719940253920836,0.0425415729766357,274,707.2612088990644
1341.0393558950736,58,1103.0393558950736,238.0,0.24719940253920836,0.0432500356869005,273,714.084970054168
1350.5176951706558,59,1107.5176951706558,243.0,0.2474074074074074,0.04368695072339986,275,720.7533213273288
1363.818182906261,60,1119.818182906261,244.0,0.2487160674981658,0.043994134080351945,279,727.4044023536443
1479.7685640469483,61,1230.7685640469483,249.0,0.2488135593220339,0.04122266243660023,306,735.6562738568132
1480.2274576650736,62,1226.2274576650736,254.0,0.24864864864864866,0.041885454616413784,306,743.5687123053335
1481.7712784010591,63,1226.7712784010591,255.0,0.24915597569209993,0.0425166831874226,306,751.238594306853
1485.1310965422279,64,1225.1310965422279,260.0,0.24915597569209993,0.04309383875201905,305,758.6431646542808
1489.301413239489,65,1224.301413239489,265.0,0.24949562878278414,0.043644623863354645,306,765.8071377094378
1490.368686057076,66,1220.368686057076,270.0,0.24949562878278414,0.04428434428168898,305,772.6944338965233
1491.1991212950493,67,1220.1991212950493,271.0,0.24949562878278414,0.04493028398636197,304,779.3736083353073
1492.2289758974398,68,1216.2289758974398,276.0,0.24932975871313673,0.04556941400973949,304,785.7979519759268
1501.2258063958477,69,1224.2258063958477,277.0,0.25066666666666665,0.045962439298625986,307,792.1519788515778
1576.2719530559625,70,1294.2719530559625,282.0,0.2498410680228862,0.04440858055254301,323,799.3251213402119
1579.7244842722703,71,1292.7244842722703,287.0,0.24968314321926488,0.04494454615781149,323,806.2744081420719
1582.0629451352993,72,1290.0629451352993,292.0,0.24968314321926488,0.04551019933902978,322,812.993693378089
1585.0066768830977,73,1288.0066768830977,297.0,0.25,0.04605658831895515,323,819.5007205493905
1586.7602362711602,74,1284.7602362711602,302.0,0.25,0.04663590522907091,322,825.7880113023874
1596.280648525531,75,1289.280648525531,307.0,0.24968632371392724,0.04698421926575178,323,831.9679131320293
1638.4337586869358,76,1326.4337586869358,312.0,0.24938875305623473,0.04638576298678531,332,838.4740426788044
1639.6861629544567,77,1322.6861629544567,317.0,0.24938875305623473,0.04696020600750701,331,844.7625117732933
1666.1024113136518,78,1344.1024113136518,322.0,0.25045045045045045,0.04681584965626469,339,851.1643053571443
1693.7463454998224,79,1366.7463454998224,327.0,0.25014784151389713,0.0466421670575987,344,857.6906602956591
1694.0320788942902,80,1362.0320788942902,332.0,0.25014784151389713,0.04722460748926119,343,863.994928028142
1720.4452748160854,81,1383.4452748160854,337.0,0.24985439720442632,0.04708083493597833,348,870.4078952724376
1721.5864575548894,82,1379.5864575548894,342.0,0.24985439720442632,0.04763048619496102,347,876.6173899344187
1820.7178341665187,83,1473.7178341665187,347.0,0.24835164835164836,0.045586415666651295,369,883.8113711902271
1822.160136019976,84,1470.160136019976,352.0,0.24835164835164836,0.04609913165122559,368,890.7917136286765
1823.0689098789176,85,1466.0689098789176,357.0,0.24835164835164836,0.04662467750911589,367,897.5596806433851
1823.592350839591,86,1461.592350839591,362.0,0.24835164835164836,0.04715966260793163,366,904.1182000642713
1829.4247671234177,87,1462.4247671234177,367.0,0.2482191780821918,0.04755593209596618,366,910.5355169270201
1830.4528995855928,88,1458.4528995855928,372.0,0.24808743169398906,0.04807553366706286,366,916.7618508208675
1831.0481874975092,89,1454.0481874975092,377.0,0.24808743169398906,0.04860603921169118,365,922.7987759520657
1859.389344932234,90,1477.389344932234,382.0,0.2478448275862069,0.04840298791928383,370,928.9608933851788
1860.5171604842792,91,1473.5171604842792,387.0,0.2478448275862069,0.04891113177172381,369,934.9450281884655
1881.7322075964025,92,1489.7322075964025,392.0,0.2477357485348961,0.04889112256707057,373,940.9753236168127
1895.8113504710163,93,1498.8113504710163,397.0,0.24907456372289793,0.04905551387108958,378,946.9735604647074
1922.108984517726,94,1520.108984517726,402.0,0.2492179353493222,0.04890461506457472,384,953.0707458269735
1923.1210730565908,95,1516.1210730565908,407.0,0.24908996359854393,0.04939886590135892,384,958.9975913767589
1936.9543862663218,96,1524.9543862663218,412.0,0.25,0.049562344204217346,388,964.8929746568587
1962.434976438973,97,1545.434976438973,417.0,0.2506380806533946,0.04942838930440173,394,970.8779437473959
2005.1520569630175,98,1583.1520569630175,422.0,0.25237381309345325,0.048874098929150435,407,977.1256387802084
2006.002284781137,99,1579.002284781137,427.0,0.2522432701894317,0.049351887956997666,407,983.2052008610259
2022.2577711238066,100,1594.2577711238066,428.0,0.2522255192878338,0.04944968016833389,410,989.3157265636537
2056.240776132106,101,1623.240776132106,433.0,0.25219084712755596,0.04911876136898042,417,995.5922122029453
2061.8126701072815,102,1627.8126701072815,434.0,0.2524271844660194,0.04947103171826598,418,1001.7904519863212
2062.323091114438,103,1623.3230911144378,439.0,0.2524271844660194,0.04994367780867007,417,1007.8247494535844
2076.85669190355,104,1632.8566919035502,444.0,0.2528957528957529,0.050075674650752355,420,1013.8346719771417
2158.103343551814,105,1709.1033435518139,449.0,0.2523191094619666,0.04865383315109954,439,1020.4562783730911
2158.4503246646705,106,1704.4503246646705,454.0,0.2523191094619666,0.04910930716761703,438,1026.9090523947098
2161.288388386042,107,1702.2883883860418,459.0,0.25219805645534477,0.0495075069921155,438,1033.2210088058437
2165.3513603374267,108,1701.3513603374267,464.0,0.25219805645534477,0.049876432055428806,437,1039.4074009496546
2166.9953443113322,109,1697.9953443113322,469.0,0.2520775623268698,0.05030006192036376,437,1045.4494921731564
2170.0994131075463,110,1696.0994131075463,474.0,0.2520775623268698,0.05068892205379745,436,1051.364491454378
2194.8666658313577,111,1715.8666658313577,479.0,0.25250683682771197,0.05057254808594768,443,1057.3509975298464
2219.671610196359,112,1735.6716101963589,484.0,0.2527075812274368,0.05045791435341741,448,1063.4074315715116
2220.238230920094,113,1731.2382309200939,489.0,0.2527075812274368,0.050895439248954566,447,1069.3174386453927
2333.2700330536395,114,1843.2700330536395,490.0,0.2515021459227468,0.048858468323447264,472,1076.1064964910793
2334.6220447348464,115,1839.6220447348464,495.0,0.2515021459227468,0.04925850857073573,471,1082.7457621279816
2336.552097326423,116,1836.5520973264229,500.0,0.25139186295503213,0.049645800807408436,471,1089.2440926038303
2338.2215694228025,117,1833.2215694228025,505.0,0.25139186295503213,0.05003802955631866,470,1095.6028744569837
2343.20233684327,118,1833.2023368432701,510.0,0.2519214346712212,0.050358433902455035,472,1101.8537173585626
2344.2234956466814,119,1833.2234956466814,511.0,0.2519214346712212,0.0507630779321971,471,1107.999681881992
2348.086726274781,120,1832.086726274781,516.0,0.252129471890971,0.051105437740955564,472,1114.0337405852654
2349.740930006724,121,1828.7409300067238,521.0,0.25244785014899956,0.05149503864651741,472,1119.9404115722195
2355.9022467820537,122,1829.9022467820537,526.0,0.2526539278131635,0.05178483112643609,473,1125.7597708772182
2367.5571320443837,123,1836.5571320443837,531.0,0.25274725274725274,0.051952283784505594,475,1131.5386112119106
2407.6576185700933,124,1875.6576185700933,532.0,0.25353283458021614,0.051502339470361876,486,1137.53957094867
2427.690274161007,125,1890.690274161007,537.0,0.25381758151052414,0.051489269998908384,490,1143.5647765743686
2468.0475003532074,126,1930.0475003532074,538.0,0.2532467532467532,0.05105250202111907,498,1149.8067029535657
2468.80907887689,127,1925.80907887689,543.0,0.2532467532467532,0.0514418069370414,497,1155.9169578820959
2469.4342599147094,128,1921.4342599147094,548.0,0.2531389226407452,0.051833734583572565,497,1161.8975618042257
2491.008289699933,129,1942.008289699933,549.0,0.25301204819277107,0.051786258814714485,501,1167.9449317879134
2571.105638858465,130,2017.1056388584652,554.0,0.2529182879377432,0.050561905366797055,520,1174.4769372269175
2573.369686793207,131,2018.3696867932072,555.0,0.2529182879377432,0.050906016602396936,519,1180.9188666129198
2573.859253625169,132,2017.859253625169,556.0,0.2529182879377432,0.05128485553904462,518,1187.2593240902854
2574.5786545266915,133,2013.5786545266915,561.0,0.2529182879377432,0.05165893835333247,517,1193.4722513867998
2578.491738469893,134,2012.4917384698929,566.0,0.25281553398058254,0.05196836507202353,517,1199.5843371113006
2631.6548010603365,135,2060.6548010603365,571.0,0.2519954389965792,0.051298521350750984,528,1205.9626368442564
2633.9568551199823,136,2057.9568551199823,576.0,0.2519954389965792,0.05163334385513498,527,1212.227300213931
2635.7454070087388,137,2058.7454070087388,577.0,0.2519954389965792,0.0519777060545005,526,1218.4062644971045
2638.8999851052386,138,2056.8999851052386,582.0,0.251896813353566,0.05229451694983302,526,1224.4823059507867
2741.7410154731106,139,2154.7410154731106,587.0,0.2510948905109489,0.05069771331994841,549,1231.1748146523862
2743.24025216312,140,2151.24025216312,592.0,0.2510948905109489,0.05103453840384784,548,1237.7467106346057
2745.155589688397,141,2152.155589688397,593.0,0.25100182149362477,0.05136320889411042,548,1244.2318799895972
2745.6453105322958,142,2151.6453105322958,594.0,0.25100182149362477,0.051718260714626166,547,1250.6221154159543
2746.972347848287,143,2147.972347848287,599.0,0.25100182149362477,0.05205731324962641,546,1256.89729186653
2752.869535608786,144,2148.869535608786,604.0,0.2509090909090909,0.05230905356659228,546,1263.0915435591846
2754.7513266894052,145,2145.7513266894052,609.0,0.2509090909090909,0.052636330036460156,545,1269.1788524083586
2760.3612947296933,146,2146.3612947296933,614.0,0.251088534107402,0.05289162700504282,546,1275.1869513283677
2768.550340309102,147,2149.550340309102,619.0,0.25090383224873464,0.053096379668353004,547,1281.135001593543
2798.7813989808988,148,2174.7813989808988,624.0,0.25062567036110117,0.05288015707617974,553,1287.1731529272413
2852.8392291240716,149,2223.8392291240716,629.0,0.2505263157894737,0.05222867046936556,565,1293.459502431918
2854.343479424034,150,2220.343479424034,634.0,0.2505263157894737,0.05255148901360248,564,1299.6387289451989
2856.4801089705547,151,2217.4801089705547,639.0,0.2504378283712785,0.05286226202864014,564,1305.717148680466
2860.8344987791806,152,2216.8344987791806,644.0,0.25034965034965034,0.05313135033322053,564,1311.7113417732207
2871.396638886313,153,2222.396638886313,649.0,0.25078479246599233,0.05328417465144832,566,1317.66353325762
2890.0890796824374,154,2236.0890796824374,654.0,0.25069252077562326,0.053285554788823845,570,1323.6273355071316
2905.1778024594755,155,2246.1778024594755,659.0,0.25068870523415976,0.053353016765025386,573,1329.5792740035984
2946.3137509861785,156,2282.3137509861785,664.0,0.2502546689303905,0.05294751787645979,581,1335.6865462919484
2947.820793982266,157,2278.820793982266,669.0,0.2502546689303905,0.05325968265116476,580,1341.69377079953
2950.5001124238006,158,2276.5001124238006,674.0,0.2501694915254237,0.05355024368062297,580,1347.6102666325949
2972.992416068921,159,2293.992416068921,679.0,0.25008414675193535,0.053481468415664465,584,1353.5623556227604
3070.094404926685,160,2386.094404926685,684.0,0.24902216427640156,0.05211566124587001,604,1360.01568093091
3070.4645154679506,161,2381.4645154679506,689.0,0.24902216427640156,0.05243506289974596,603,1366.3600836298979
3071.1824200495803,162,2381.1824200495803,690.0,0.24902216427640156,0.05274841342618285,602,1372.624419039896
3072.977308956604,163,2377.977308956604,695.0,0.24902216427640156,0.05304302102228828,601,1378.7922281804895
3073.8537134150065,164,2373.8537134150065,700.0,0.24894240156199154,0.05335322214074996,601,1384.8596762611878
3075.0166764240953,165,2370.0166764240953,705.0,0.24894240156199154,0.05365824558450095,600,1390.8303247470235
3076.3846688444355,166,2370.3846688444355,706.0,0.24894240156199154,0.05395944196482867,599,1396.731254530743
3091.0294326770054,167,2380.0294326770054,711.0,0.24919093851132687,0.05402730826000858,603,1402.619267573535
3099.8402442412357,168,2387.8402442412357,712.0,0.24959638359702938,0.054196341347623946,605,1408.4836781489378
3166.116286567032,169,2449.116286567032,717.0,0.24952621604548325,0.05337769832302777,621,1414.6412675478614
3167.327415498905,170,2445.327415498905,722.0,0.24952621604548325,0.053673011248577304,620,1420.7041272416911
3167.617662951166,171,2444.617662951166,723.0,0.24952621604548325,0.05398378787946424,619,1426.6919256961326
3171.086187245417,172,2447.086187245417,724.0,0.24944812362030905,0.05424008993883854,619,1432.6244504725819
3185.7673715463848,173,2456.7673715463848,729.0,0.24976437323279924,0.054304027828631155,622,1438.544351750465
3203.5621215924043,174,2469.5621215924043,734.0,0.24976555173491716,0.054314539064879847,625,1444.4697412323153
3239.7529522888726,175,2504.7529522888726,735.0,0.2501544163063619,0.05401646439626305,635,1450.5285024383527
3243.5906010965236,176,2507.5906010965236,736.0,0.25007708911501697,0.0542608552202925,635,1456.5345370898197
3245.4843734959227,177,2508.4843734959227,737.0,0.25007708911501697,0.05453731388924907,634,1462.4777565045433
3348.921234844115,178,2606.921234844115,742.0,0.24902840059790732,0.05315144415699747,655,1468.907214248024
3350.354080385982,179,2603.354080385982,747.0,0.24895522388059702,0.05342718880010977,655,1475.2449062376213
3350.7244955724364,180,2598.7244955724364,752.0,0.24895522388059702,0.053719725461716564,654,1481.4864595117037
3359.2462379531985,181,2606.2462379531985,753.0,0.2488822652757079,0.053881134986485536,654,1487.7006019340324
3361.195260095714,182,2607.195260095714,754.0,0.2488095238095238,0.05414740469282268,654,1493.8516714843713
3363.298250164447,183,2604.298250164447,759.0,0.2488095238095238,0.054410874798585675,653,1499.9196855755192
3366.8648945747777,184,2602.8648945747777,764.0,0.2487369985141159,0.05465024756309341,653,1505.9139530157327
3383.0555168932506,185,2614.0555168932506,769.0,0.24874297545104998,0.054684293259807455,656,1511.9039074150708
3423.6208093914024,186,2649.6208093914024,774.0,0.2486123283669296,0.054328446506044036,665,1518.0206649525776
3425.2731773082764,187,2646.2731773082764,779.0,0.2486123283669296,0.05459418572475801,664,1524.054100847528
3425.8046532492567,188,2641.8046532492567,784.0,0.2486123283669296,0.05487761826165089,663,1529.9995825092394
3435.145363868473,189,2650.145363868473,785.0,0.24890829694323144,0.05501950572105005,666,1535.9262797651081
3445.7343334831767,190,2655.7343334831767,790.0,0.24876632801161103,0.05514064103947776,667,1541.820006363624
3495.6397781105607,191,2700.6397781105607,795.0,0.24949871097106846,0.05463949723768106,680,1547.88712558743
3497.7232527977594,192,2697.7232527977594,800.0,0.2496425507577924,0.0548928506125872,681,1553.8758554166504
3508.7419164431462,193,2703.7419164431462,805.0,0.24971493728620298,0.055005470506547374,683,1559.8337106551296
3561.5086928512387,194,2751.5086928512387,810.0,0.2496489750070205,0.05447129762434732,695,1565.9763652025322
3563.1998526482284,195,2748.1998526482284,815.0,0.2496489750070205,0.05472609117197645,694,1572.039049753536
3564.082484952763,196,2744.082484952763,820.0,0.2496489750070205,0.05499311557111668,693,1578.01886319843
3565.2559352624735,197,2740.2559352624735,825.0,0.2496489750070205,0.05525550018767359,692,1583.918543767283
3608.529732068564,198,2778.529732068564,830.0,0.24944567627494457,0.05486999268438836,702,1589.9519336071887
3610.0428265248306,199,2775.0428265248306,835.0,0.24944567627494457,0.05512399978688486,701,1595.9071642248653
3645.8674068956752,200,2805.8674068956752,840.0,0.24965668772315297,0.0548566301730355,709,1601.9569654382192
3646.7487291682764,201,2801.7487291682764,845.0,0.24958859023587493,0.05511758964699567,709,1607.9260786906075
3648.738675202543,202,2798.738675202543,850.0,0.24958859023587493,0.05536159697399729,708,1613.821190554528
3679.574462222363,203,2824.574462222363,855.0,0.2493880881153114,0.05516942300914696,714,1619.7854923854038
3681.324276017181,204,2821.324276017181,860.0,0.2493880881153114,0.05541484115621221,713,1625.6753883835988
3712.887402275936,205,2851.887402275936,861.0,0.24939336748449717,0.055213093689385394,720,1631.656910402586
3715.001569357909,206,2849.001569357909,866.0,0.24932687129779213,0.05545085140720533,720,1637.5663504946021
3738.345392363476,207,2867.345392363476,871.0,0.2494646680942184,0.05537209066418804,725,1643.5073120495242
3766.3348536147573,208,2890.3348536147573,876.0,0.24953494552218974,0.0552261039138278,731,1649.5016752301262
3767.817930713678,209,2886.817930713678,881.0,0.24953494552218974,0.05546977158750674,730,1655.4218487013395
3791.4988825258692,210,2905.4988825258692,886.0,0.2494061757719715,0.05538706630452691,735,1661.3745964814566
3793.697755830498,211,2902.697755830498,891.0,0.2494061757719715,0.055618558351338374,734,1667.25764463003
3847.089707450617,212,2951.089707450617,896.0,0.24928515726540162,0.05510659124725423,747,1673.3134562471082
3849.6396133449753,213,2948.6396133449753,901.0,0.2494802494802495,0.05532985458213399,747,1679.3009029940465
3851.7867779777257,214,2945.7867779777257,906.0,0.2494802494802495,0.05555863092514036,746,1685.2190612883628
3861.2955481883487,215,2950.2955481883487,911.0,0.24935199585277346,0.05568079348416471,747,1691.1031379716185
3889.067629036684,216,2973.067629036684,916.0,0.24916430959115454,0.05554030441314358,753,1697.0381587635861
3890.5363409487363,217,2969.5363409487363,921.0,0.24916430959115454,0.055776371426229356,752,1702.9022056860983
3910.7039319849255,218,2984.7039319849255,926.0,0.2493599590373784,0.0557444398224622,756,1708.7820301186616
3933.8850069879245,219,3006.8850069879245,927.0,0.2494279176201373,0.055670158027237994,762,1714.709440971946
3986.3722398783366,220,3054.3722398783366,932.0,0.24899598393574296,0.05518802228231309,772,1720.7988173306112
3989.9985693107647,221,3052.9985693107647,937.0,0.24893457006768613,0.055388491038525785,772,1726.826870506992
3991.488654944554,222,3053.488654944554,938.0,0.24893457006768613,0.055618346735119006,771,1732.802824490945
3993.8119122726757,223,3050.8119122726757,943.0,0.24893457006768613,0.0558363801046159,770,1738.7131791446748
4017.9219261207445,224,3073.9219261207445,944.0,0.24900398406374502,0.0557502122039164,776,1744.6739324793894
4020.138830551497,225,3075.138830551497,945.0,0.24900398406374502,0.05596821639344572,775,1750.5871098041541
4038.843717335998,226,3088.843717335998,950.0,0.2487611496531219,0.05595660932111246,778,1756.508599218012
4057.572460887289,227,3106.572460887289,951.0,0.24895139402911423,0.05594478033064154,782,1762.4560171108283
4076.7613990028967,228,3124.7613990028967,952.0,0.24889543446244478,0.05592674618037856,786,1768.431040715618
4076.989637896788,229,3119.989637896788,957.0,0.24889543446244478,0.056168894291851845,785,1774.3330433233962
4095.9588890798077,230,3137.9588890798077,958.0,0.24884004884004884,0.05615290734806947,789,1780.261851348424
4108.80291892446,231,3145.80291892446,963.0,0.249269717624148,0.05622075445284869,793,1786.173284541394
4118.424875009429,232,3154.4248750094293,964.0,0.24975704567541301,0.05633221608770242,796,1792.0709207072046
4179.302844834888,233,3214.3028448348878,965.0,0.24940162757300144,0.05575092513048194,809,1798.1749203815723
4186.944397986042,234,3216.9443979860416,970.0,0.2493425770977767,0.05588801229664195,809,1804.2380378072323
4190.058817733313,235,3215.058817733313,975.0,0.2492836676217765,0.056085131551238565,809,1810.2415304877688
4191.1974167564595,236,3211.1974167564595,980.0,0.2492836676217765,0.05630849051788137,808,1816.1777842431447
4205.983777584924,237,3220.9837775849237,985.0,0.24946492271105827,0.056348291513403176,812,1822.1052356918442
4218.712274416187,238,3228.712274416187,990.0,0.2498814604077762,0.05641531930094379,816,1828.0153492999295
4246.745953313345,239,3251.745953313345,995.0,0.24994110718492343,0.05627838411514357,822,1833.9723811158854
4282.1710865705945,240,3282.1710865705945,1000.0,0.2497080121466947,0.05604633611035976,829,1840.0065423886133
4284.165287368995,241,3283.1652873689955,1001.0,0.2497080121466947,0.05625366526136148,828,1845.9947529486979
4337.720518971717,242,3331.720518971717,1006.0,0.2496538994000923,0.05578967085167755,840,1852.1341156182145
4342.477071447006,243,3335.477071447006,1007.0,0.25011515430677106,0.05595884468746941,843,1858.2384076175101
4344.841797039012,244,3332.841797039012,1012.0,0.25011515430677106,0.056158546478328575,842,1864.2818641315328
4350.265340702812,245,3337.265340702812,1013.0,0.2500575109270761,0.05631840377819776,842,1870.2940415869257
4370.343588376281,246,3352.3435883762813,1018.0,0.25,0.05628848053372313,846,1876.3186332405412
4374.75399453653,247,3355.7539945365297,1019.0,0.249942831008461,0.05646031761065177,846,1882.3082500878934
4405.748595680642,248,3381.748595680642,1024.0,0.24977293369663942,0.0562900934118522,852,1888.3543805136705
4407.100513963398,249,3378.100513963398,1029.0,0.24977293369663942,0.056499732468336436,851,1894.3372967122637
4453.847487801166,250,3419.8474878011657,1034.0,0.24977538185085355,0.056131243982811656,862,1900.4393374766194
4455.3838261719975,251,3416.3838261719975,1039.0,0.24977538185085355,0.05633633594608966,861,1906.4789569534933
4457.792031436378,252,3417.7920314363782,1040.0,0.2497195422930222,0.05653022801936348,861,1912.476231058584
4484.5004251382015,253,3443.5004251382015,1041.0,0.250167373354162,0.056416540531870535,868,1918.527710086567
4485.292261853757,254,3439.292261853757,1046.0,0.250167373354162,0.05662953162722614,867,1924.5149721013984
4518.59303902754,255,3467.59303902754,1051.0,0.2499446535311047,0.056433495514541694,874,1930.5662586383635
4522.263236020108,256,3466.263236020108,1056.0,0.24988942945599293,0.056608823201830465,874,1936.565074956261
4553.500295718813,257,3492.5002957188126,1061.0,0.24994504286656408,0.056440097355792564,880,1942.6192976051427
4553.938157033261,258,3487.9381570332607,1066.0,0.24994504286656408,0.05665426079656699,879,1948.608905587422
4578.153733889913,259,3511.1537338899134,1067.0,0.2498360655737705,0.05657302376780079,884,1954.6418972024896
4581.088295099287,260,3509.0882950992873,1072.0,0.24994542676271556,0.056755072867322884,885,1960.6205371944004
4592.788675766951,261,3515.788675766951,1077.0,0.25,0.056828218850373195,887,1966.5790358096208
4619.334218664516,262,3537.334218664516,1082.0,0.2498917280207882,0.056718130275437435,892,1972.5742845991433
4655.283080887858,263,3568.283080887858,1087.0,0.24983888292158968,0.05649495324564462,900,1978.6416184253362
4656.760405331413,264,3564.7604053314126,1092.0,0.24983888292158968,0.056691772180881964,899,1984.6496441333136
4658.367453640146,265,3561.367453640146,1097.0,0.24983888292158968,0.05688688207559141,898,1990.5995226597545
4693.948985903804,266,3595.948985903804,1098.0,0.24978687127024723,0.056668702791362484,906,1996.6346710178148
4694.418133574021,267,3591.4181335740213,1103.0,0.24978687127024723,0.05687605841721725,905,2002.6076427876883
4705.19533068189,268,3601.1953306818896,1104.0,0.24968098681412165,0.056958315471498336,906,2008.5725222201293
4729.9893573561585,269,3620.9893573561585,1109.0,0.24957698815566837,0.05687116390265164,911,2014.566636848888
4759.970458937501,270,3649.9704589375006,1110.0,0.2494221475099811,0.05672304110481144,917,2020.6236880418085
4760.632106408479,271,3645.6321064084786,1115.0,0.2494221475099811,0.05692521369907916,916,2026.620029068992
4797.42678967907,272,3681.4267896790698,1116.0,0.24953095684803,0.056697061138101454,925,2032.703877453588
4798.285131313402,273,3677.2851313134024,1121.0,0.24953095684803,0.05689532666960822,924,2038.7279846105835
4857.562330986684,274,3731.562330986684,1126.0,0.2494335736354274,0.056406893278988395,937,2044.9062121521022
4861.822543144147,275,3734.822543144147,1127.0,0.24938271604938272,0.056563150456363044,937,2051.0513624466184
4863.1601920295725,276,3731.1601920295725,1132.0,0.24938271604938272,0.056753219943761556,936,2057.1387132784407
4863.951679399819,277,3726.951679399819,1137.0,0.24938271604938272,0.0569495789140282,935,2063.1669189323084
4864.702483786352,278,3722.702483786352,1142.0,0.24938271604938272,0.05714635189439659,934,2069.13647132387
4904.716806391754,279,3761.7168063917543,1143.0,0.24943911890679177,0.05688401818355982,944,2075.203067506909
4905.92728619925,280,3757.9272861992504,1148.0,0.24943911890679177,0.05707381778520474,943,2081.212796859382
4925.113076111292,281,3772.113076111292,1153.0,0.24939073923639318,0.05705452761337784,947,2087.2302355755805
4968.851617324352,282,3814.8516173243524,1154.0,0.24944634588282666,0.05675355629795452,957,2093.356552532137
4969.816931910926,283,3810.8169319109256,1159.0,0.24944634588282666,0.05694374740101035,956,2099.4253171235814
4970.48334874059,284,3810.4833487405904,1160.0,0.24944634588282666,0.057137300353688796,955,2105.450169347585
4994.093238785055,285,3829.0932387850553,1165.0,0.2493490887242139,0.05706741672074463,960,2111.4980397666636
4995.741879728309,286,3825.741879728309,1170.0,0.2493490887242139,0.057248754416341856,959,2117.491899346949
5047.349562165948,287,3876.3495621659476,1171.0,0.24945512185456706,0.05686152632488583,972,2123.62032325921
5052.39797601473,288,3876.3979760147304,1176.0,0.2494061757719715,0.05700263545493122,972,2129.7063567757227
5052.998548549339,289,3871.998548549339,1181.0,0.2494061757719715,0.05719376271797441,971,2135.7350494808215
5053.8356110941295,290,3867.8356110941295,1186.0,0.2494061757719715,0.05738215927787499,970,2141.707810038109
5103.760448049387,291,3912.7604480493874,1191.0,0.24906917499510092,0.057016782617847525,980,2147.793901577667
5105.374936620016,292,3909.3749366200163,1196.0,0.24906917499510092,0.0571946240236994,979,2153.82671334151
5106.840470261565,293,3909.8404702615653,1197.0,0.24906917499510092,0.0573740264075633,978,2159.819934354889
5162.106620499824,294,3960.106620499824,1202.0,0.24883720930232558,0.0569534923653966,990,2165.943358457423
5164.723337749172,295,3957.723337749172,1207.0,0.24883720930232558,0.05711825797982886,989,2172.0171888957
5166.333711643536,296,3954.333711643536,1212.0,0.24878993223620524,0.05729401477355113,989,2178.038528499578
5168.176410420605,297,3951.176410420605,1217.0,0.24878993223620524,0.05746707860071461,988,2184.0086897181673
5238.257328670739,298,4020.2573286707393,1218.0,0.2487581199847153,0.056889148680983284,1004,2190.170597902572
5241.144527273029,299,4022.144527273029,1219.0,0.24871158618056882,0.057048608074841606,1004,2196.297601010834
5242.748270729085,300,4018.7482707290847,1224.0,0.24871158618056882,0.057221896705385855,1003,2202.3724365765615
5246.225379715431,301,4017.225379715431,1229.0,0.24880838894184937,0.057374584241809114,1004,2208.401848347787
5249.147090835726,302,4015.147090835726,1234.0,0.24880838894184937,0.057533156296429494,1003,2214.3844484884758
5261.671241232428,303,4026.6712412324277,1235.0,0.24881201292529936,0.05758626605660545,1006,2220.365593018984
5274.4995426994765,304,4034.4995426994765,1240.0,0.24900436184335292,0.05763579985911109,1009,2226.3331389060904
5284.310722775659,305,4039.310722775659,1245.0,0.24891160325572592,0.05771802908663827,1010,2232.277327705663
5307.652019073444,306,4057.6520190734436,1250.0,0.248868778280543,0.05765261153149569,1014,2238.2426044748386
5334.582054581749,307,4079.5820545817487,1255.0,0.24892140311386232,0.05754902574538615,1020,2244.2404528465227
5343.240649395895,308,4087.240649395895,1256.0,0.2491109863372637,0.05764292125506688,1023,2250.224219718436
5359.697041989273,309,4102.697041989273,1257.0,0.2491136406045904,0.05765251236762319,1026,2256.2192773956876
5371.414130571295,310,4113.414130571295,1258.0,0.2493018059951592,0.0577129211161808,1029,2262.2102285349642
5382.9779537353315,311,4123.9779537353315,1259.0,0.24934968413229283,0.057774711818054596,1031,2268.1966199343224
5421.492949210384,312,4157.492949210384,1264.0,0.24976924496954034,0.05754872374138961,1041,2274.25205688713
5436.023016048274,313,4171.023016048274,1265.0,0.2501839587932303,0.057578858491945065,1047,2280.3120280026606
5448.5331961369575,314,4178.5331961369575,1270.0,0.2502294841196989,0.05763018939163808,1049,2286.3573183470376
5497.416916100404,315,4222.416916100404,1275.0,0.2500910083727703,0.05729963814049698,1059,2292.5035392922864
5498.528106786279,316,4218.528106786279,1280.0,0.2500910083727703,0.05746992538057468,1058,2298.598553746381
5499.896300925143,317,4214.896300925143,1285.0,0.25004546281142026,0.057637450354596165,1058,2304.6436570497845
5556.468880623324,318,4266.468880623324,1290.0,0.25,0.057230591375925566,1070,2310.8129187591353
5556.659042890541,319,4261.659042890541,1295.0,0.25,0.057408597061240255,1069,2316.928423850456
5559.08626688207,320,4263.08626688207,1296.0,0.2500899604174163,0.05756341683459406,1070,2323.01016710993
5560.120452807863,321,4263.120452807863,1297.0,0.2500899604174163,0.057732562221362464,1069,2329.0541243862476
5570.764907266854,322,4268.764907266854,1302.0,0.25,0.05780175709442757,1070,2335.0780709169326
5612.107998095862,323,4305.107998095862,1307.0,0.2499108734402852,0.057554131194480045,1079,2341.1772347781675
5613.782136655325,324,4301.782136655325,1312.0,0.2499108734402852,0.05771510046398741,1078,2347.2284844753194
5631.552450243194,325,4314.552450243194,1317.0,0.24986680873734682,0.057710551907576596,1082,2353.281788985374
5656.651154079978,326,4334.651154079978,1322.0,0.25035360678925034,0.05763127177550372,1090,2359.359609123701
5657.318418700035,327,4334.318418700035,1323.0,0.2504861233869542,0.05780123652207994,1090,2365.3992385107845
5667.485203982567,328,4339.485203982567,1328.0,0.2508384819064431,0.05787399317240616,1093,2371.4177932835646
5681.503259467688,329,4348.503259467688,1333.0,0.2508361204013378,0.0579072095843213,1096,2377.4271716002336
5695.623482418525,330,4357.623482418525,1338.0,0.2510100122958019,0.05793922316295257,1099,2383.427766481501
5705.20148514754,331,4366.20148514754,1339.0,0.25105189340813466,0.058017232320663636,1101,2389.4180194079845
5733.067253069586,332,4389.067253069586,1344.0,0.25109056011167336,0.05790966429396783,1107,2395.441059268411
5746.115095343235,333,4401.115095343235,1345.0,0.2513927576601671,0.05795219804592319,1111,2401.4641044217888
5765.538984275703,334,4415.538984275703,1350.0,0.2515188335358445,0.05793040354265488,1115,2407.4942687327284
5794.159215507122,335,4443.159215507122,1351.0,0.2515104436388745,0.05781684409075732,1122,2413.5708805141444
5825.2206714290005,336,4469.2206714290005,1356.0,0.25137362637362637,0.05768021830451531,1128,2419.688885844248
5826.886519438701,337,4469.886519438701,1357.0,0.25137362637362637,0.05783534635104974,1127,2425.7725583474958
5842.9207015283655,338,4480.9207015283655,1362.0,0.2514980311590481,0.057847781489074025,1131,2431.852878297735
5971.299934015088,339,4608.299934015088,1363.0,0.25079577818730103,0.056771557909679006,1158,2438.2730761022112
5977.8469105163185,340,4609.8469105163185,1368.0,0.25075326414462673,0.05687666564392388,1158,2444.660057968135
5979.612995598686,341,4606.612995598686,1373.0,0.2507108212075598,0.05702710196311938,1158,2451.0000959084005
5981.553257239106,342,4603.553257239106,1378.0,0.2508361204013378,0.05717578449813156,1158,2457.2941110000106
5982.834178457856,343,4599.834178457856,1383.0,0.2508361204013378,0.05733068806002111,1157,2463.5405834998874
5983.657147410228,344,4599.657147410228,1384.0,0.2508361204013378,0.05748992489465841,1156,2469.7502246740455
5985.185068722985,345,4596.185068722985,1389.0,0.2507936507936508,0.057642327854301435,1156,2475.9138039321583
5989.597509268928,346,4599.597509268928,1390.0,0.2507936507936508,0.05776681980125768,1155,2482.051618109432
5992.267259941864,347,4597.267259941864,1395.0,0.25075125208681137,0.0579079645395133,1155,2488.1473404201884
5992.560983370898,348,4592.560983370898,1400.0,0.25075125208681137,0.05807199976198577,1154,2494.1945060608514
5995.126990005561,349,4590.126990005561,1405.0,0.2507089241034195,0.05821394619026681,1154,2500.200043264131
6012.132606538069,350,4602.132606538069,1410.0,0.25083166999334666,0.05821561547384738,1158,2506.2055648734854
6031.5426541934885,351,4616.5426541934885,1415.0,0.25107794361525704,0.058194067442425175,1163,2512.217921253314
6043.848862209062,352,4623.848862209062,1420.0,0.2509933774834437,0.05824103282942485,1164,2518.2168727901203
6059.809141404039,353,4638.809141404039,1421.0,0.2512380323539122,0.058252659739414,1169,2524.22421632727
6106.228774574475,354,4680.228774574475,1426.0,0.25122830003275465,0.057973589439362136,1180,2530.3146246839005
6140.588636594073,355,4709.588636594073,1431.0,0.2512218963831867,0.05781204718460079,1187,2536.4534247174506
6142.759662291376,356,4706.759662291376,1436.0,0.2512218963831867,0.05795440804649757,1186,2542.5497905533325
6145.387530160642,357,4704.387530160642,1441.0,0.251180205111509,0.05809234946500891,1186,2548.605358451392
6163.3435779387955,358,4717.3435779387955,1446.0,0.25142022398961206,0.05808535504680169,1191,2554.663286438787
6195.088573346523,359,4744.088573346523,1451.0,0.25153374233128833,0.057949131114048286,1199,2560.761964118196
6198.891229111836,360,4742.891229111836,1456.0,0.25153374233128833,0.05807490189686391,1198,2566.8234342987334
6235.219388677673,361,4774.219388677673,1461.0,0.2514845129192746,0.057896920300114514,1206,2572.93810453247
6239.004263828076,362,4777.004263828076,1462.0,0.2514432328415651,0.058022079276138706,1206,2579.0266850830103
6243.215184663684,363,4776.215184663684,1467.0,0.2514020189072264,0.05814311845148334,1206,2585.079545963398
6320.459753473041,364,4852.459753473041,1468.0,0.25126582278481013,0.057590747223726084,1224,2591.308612467545
6322.330314416747,365,4849.330314416747,1473.0,0.25126582278481013,0.05773187762235297,1223,2597.4949732948035
6327.039029323437,366,4853.039029323437,1474.0,0.25122529644268776,0.05784696416502699,1223,2603.657661972477
6328.109232588214,367,4853.109232588214,1475.0,0.25122529644268776,0.057995206231592815,1222,2609.7869578052173
6328.5266486303135,368,4848.5266486303135,1480.0,0.25122529644268776,0.05814939565430232,1221,2615.8704895737637
6358.581544169974,369,4877.581544169974,1481.0,0.25121912851974204,0.05803181062265796,1228,2621.999787824702
6360.145736769425,370,4874.145736769425,1486.0,0.25121912851974204,0.05817476757819357,1227,2628.086668767796
6399.608876622809,371,4912.608876622809,1487.0,0.2512900703674746,0.05797229286233872,1236,2634.244410567944
6401.491967442723,372,4909.491967442723,1492.0,0.25125,0.05811145306312195,1236,2640.3606674412636
6406.710105232858,373,4909.710105232858,1497.0,0.25120999219359874,0.05822020879255047,1236,2646.444714191375
6458.959896066248,374,4960.959896066248,1498.0,0.2511613502632394,0.057904059789530546,1248,2652.63325745842
6459.427325127344,375,4960.427325127344,1499.0,0.2511613502632394,0.058054682114193006,1247,2658.787374972204
6460.070785607813,376,4960.070785607813,1500.0,0.2511613502632394,0.05820369659689774,1246,2664.907809574958
6504.590804901909,377,4999.590804901909,1505.0,0.251422420421344,0.05795906480633493,1258,2671.1006026660107
6506.3136040888285,378,4996.3136040888285,1510.0,0.251422420421344,0.05809741475763628,1257,2677.2519598126323
6510.536120276762,379,4995.536120276762,1515.0,0.2514979259486864,0.05821333189744884,1258,2683.368804563197
6511.667106313901,380,4991.667106313901,1520.0,0.2514979259486864,0.05835679155519805,1257,2689.4432737783304
6515.285162574555,381,4994.285162574555,1521.0,0.25145839729812713,0.0584778701918621,1257,2695.492727554699
6562.996556273289,382,5036.996556273289,1526.0,0.25144772935080767,0.058205119677361784,1268,2701.622318729355
6565.249062631635,383,5034.249062631635,1531.0,0.25144772935080767,0.05833746691804516,1267,2707.7127279823635
6585.306282589632,384,5049.306282589632,1536.0,0.2515188335358445,0.05831163859686027,1272,2713.810627864153
6619.4536566916295,385,5078.4536566916295,1541.0,0.25173768510123906,0.05816189975298069,1281,2719.9525578091593
6622.746479445965,386,5076.746479445965,1546.0,0.25173768510123906,0.05828397647380447,1280,2726.05824154397
6641.790179502443,387,5090.790179502443,1551.0,0.25180722891566265,0.05826742332125153,1285,2732.168659988307
6701.958526974597,388,5149.958526974597,1552.0,0.2525373134328358,0.05789352447323354,1304,2738.4000771712613
6703.982350480912,389,5146.982350480912,1557.0,0.2525373134328358,0.05802521242796753,1303,2744.591805380284
6707.464863686759,390,5145.464863686759,1562.0,0.2524981357196122,0.058144173383807556,1303,2750.7478901451723
6708.799469359953,391,5145.799469359953,1563.0,0.2524981357196122,0.05828166451922627,1302,2756.873341754417
6726.998681959187,392,5158.998681959187,1568.0,0.25245316681534347,0.05827264409182744,1306,2763.0012125202456
6751.749159209526,393,5178.749159209526,1573.0,0.2524084778420039,0.05820713873292225,1310,2769.1481538604216
6753.403538400757,394,5175.403538400757,1578.0,0.2523696682464455,0.05834095323338273,1310,2775.255401029306
6778.685644059241,395,5195.685644059241,1583.0,0.2525461254612546,0.05827088328637474,1316,2781.3830725306475
6893.274764977012,396,5309.274764977012,1584.0,0.2523581483093891,0.057447296604507335,1343,2787.7666374105625
6896.956363187939,397,5307.956363187939,1589.0,0.2523201856148492,0.057561622706352324,1343,2794.1147223621424
6899.599658006945,398,5305.599658006945,1594.0,0.2523201856148492,0.05768450630872812,1342,2800.4249860195414
6901.590100731879,399,5302.590100731879,1599.0,0.25228227793073466,0.05781276404080968,1342,2806.6960765326053
6903.073839114409,400,5299.073839114409,1604.0,0.25228227793073466,0.05794520083698189,1341,2812.92702093906
6906.613424073451,401,5297.613424073451,1609.0,0.25224442513756157,0.05806029313907861,1341,2819.1232463832853
6908.125346997123,402,5294.125346997123,1614.0,0.25224442513756157,0.058192343046401786,1340,2825.2799680266035
6911.897374765377,403,5292.897374765377,1619.0,0.2522066271161916,0.05830526382977145,1340,2831.4030881425806
6913.008503520444,404,5289.008503520444,1624.0,0.2522066271161916,0.05844054723703339,1339,2837.4862698638126
6967.707714668266,405,5342.707714668266,1625.0,0.2519018228792881,0.05812528547192111,1350,2843.6720018262927
6969.0178215786855,406,5343.0178215786855,1626.0,0.2519018228792881,0.05825785073226132,1349,2849.8280260128754
6970.085385177256,407,5339.085385177256,1631.0,0.2519018228792881,0.058392398013593284,1348,2855.944137460454
7018.147980931116,408,5382.147980931116,1636.0,0.2516386434881733,0.05813499531622438,1358,2862.135813547392
7020.088338217501,409,5379.088338217501,1641.0,0.2516386434881733,0.05826137511310162,1357,2868.2897317006195
7025.738779096011,410,5379.738779096011,1646.0,0.2516018795386587,0.05835685226725067,1357,2874.4152171820715
7026.748711553116,411,5375.748711553116,1651.0,0.2516018795386587,0.05849077814953725,1356,2880.5011867547505
7074.184623838867,412,5422.184623838867,1652.0,0.2515910055154858,0.05823992755456595,1367,2886.67032131078
7077.352199652063,413,5424.352199652063,1653.0,0.2515545505935557,0.05835515717591445,1367,2892.814829490783
7081.917559994739,414,5427.917559994739,1654.0,0.2515181471543567,0.05845874319953359,1367,2898.938266037894
7085.1386362139665,415,5430.1386362139665,1655.0,0.2515181471543567,0.05857330693274345,1366,2905.0375440383186
7114.491999006317,416,5454.491999006317,1660.0,0.25161653078436885,0.05847220013152068,1374,2911.1660403242995
7115.2108722470375,417,5450.2108722470375,1665.0,0.25161653078436885,0.05860683646446985,1373,2917.254876851692
7127.223478317404,418,5457.223478317404,1670.0,0.2515440763615946,0.05864836443976378,1374,2923.331356759505
7183.272337028174,419,5508.272337028174,1675.0,0.2518105849582173,0.058329961658302724,1389,2929.500666974943
7185.598348622651,420,5505.598348622651,1680.0,0.25177453027139873,0.05845024723383076,1389,2935.634232883628
7187.867252669015,421,5506.867252669015,1681.0,0.25177453027139873,0.058570920302357186,1388,2941.74167473585
7193.93067297837,422,5507.93067297837,1686.0,0.2517385257301808,0.058660559738934366,1388,2947.822691319363
7217.495924846569,423,5526.495924846569,1691.0,0.25190628032718704,0.058607584182181885,1394,2953.9188455357394
7260.758701062659,424,5564.758701062659,1696.0,0.25179063360881543,0.058396101214318666,1404,2960.076486704435
7263.310144673599,425,5562.310144673599,1701.0,0.25179063360881543,0.05851326620159062,1403,2966.199389429068
7265.470078610112,426,5559.470078610112,1706.0,0.2517549896765313,0.058633508278310056,1403,2972.286879309775
7332.130906098812,427,5625.130906098812,1707.0,0.2513981721456827,0.05823682166460293,1416,2978.4996287870326
7333.346248236665,428,5621.346248236665,1712.0,0.2513981721456827,0.05836353357826442,1415,2984.674504066121
7337.147804396351,429,5620.147804396351,1717.0,0.25146517650265776,0.05846958674363179,1416,2990.817798472485
7337.725000729509,430,5615.725000729509,1722.0,0.25146517650265776,0.058601269461209006,1415,2996.9222338265713
7339.400773732512,431,5612.400773732512,1727.0,0.25146517650265776,0.05872414019718553,1414,3002.9906295108076
7346.413776369057,432,5614.413776369057,1732.0,0.2514301280305094,0.05880420204339684,1414,3009.0355904989055
7387.5973397246125,433,5650.5973397246125,1737.0,0.25189599133261104,0.058611748866126065,1427,3015.1361950005817
7388.474628495189,434,5646.474628495189,1742.0,0.25189599133261104,0.05874013538954154,1426,3021.1991867828274
7464.945487631191,435,5717.945487631191,1747.0,0.2516751541141785,0.05827236122765527,1443,3027.398603566387
7466.925924820103,436,5714.925924820103,1752.0,0.2516751541141785,0.058390829692140586,1442,3033.562657055501
7467.063450408227,437,5710.063450408227,1757.0,0.2516405517610821,0.05852367572638063,1442,3039.6873728297633
7467.5522670124765,438,5705.5522670124765,1762.0,0.2516405517610821,0.058653757528399526,1441,3045.773822359861
7469.747970558641,439,5702.747970558641,1767.0,0.2516405517610821,0.058770389808368385,1440,3051.8261552714757
7492.443731562736,440,5720.443731562736,1772.0,0.2516025641025641,0.05872583308786852,1444,3057.8911952175918
7530.649461735818,441,5753.649461735818,1777.0,0.25152722443559095,0.05856068619855124,1453,3064.0040257539144
7531.56063500334,442,5749.56063500334,1782.0,0.2516266100119506,0.05868637609392412,1453,3070.079945684343
7534.7100729794765,443,5747.7100729794765,1787.0,0.2516266100119506,0.058794564848441866,1452,3076.1242574841062
7540.596922906647,444,5748.596922906647,1792.0,0.2515923566878981,0.05888128016115373,1452,3082.1433400638866
7580.820145046407,445,5787.820145046407,1793.0,0.2516163082200818,0.05870077267177744,1462,3088.2235126593528
7582.2490934503785,446,5784.2490934503785,1798.0,0.2516163082200818,0.05882159693029067,1461,3094.2684130647135
7609.420813247622,447,5810.420813247622,1799.0,0.2516434393899553,0.058742972818876735,1467,3100.344816644541
7612.85480583462,448,5808.85480583462,1804.0,0.2516095125476284,0.058847831914073195,1467,3106.390597870412
7627.57089444735,449,5822.57089444735,1805.0,0.25160613609545035,0.05886539846215772,1470,3112.439997194637
7637.788017551145,450,5827.788017551145,1810.0,0.2517684045061567,0.05891758176135931,1472,3118.47410390654
7663.313048630603,451,5848.313048630603,1815.0,0.25189245627773427,0.05885183042086367,1479,3124.526961877103
7736.871590986022,452,5916.871590986022,1820.0,0.2518097207859359,0.058421546058307405,1496,3130.7047154813263
7737.78674203242,453,5912.78674203242,1825.0,0.2518097207859359,0.05854387244084402,1495,3136.8461769085916
7739.6336866073925,454,5909.6336866073925,1830.0,0.2518097207859359,0.058659106927191965,1494,3142.953638383699
7739.885177642282,455,5904.885177642282,1835.0,0.2518097207859359,0.05878640180791439,1493,3149.023817590861
7744.209419494311,456,5904.209419494311,1840.0,0.2518729010591578,0.05888270516705323,1494,3155.0658912792455
7770.097730439856,457,5925.097730439856,1845.0,0.2521246458923513,0.058815219042827896,1501,3161.12723009579
7804.732514647776,458,5958.732514647776,1846.0,0.2524993591386824,0.05868234422389674,1512,3167.2355385773444
7808.464186148004,459,5957.464186148004,1851.0,0.25246573587805815,0.05878236603995099,1512,3173.314468092749
7835.664274096779,460,5979.664274096779,1856.0,0.25258455647734523,0.05870593531178624,1519,3179.4152285405835
7838.240315498837,461,5977.240315498837,1861.0,0.25258455647734523,0.05881422123387158,1518,3185.4842634363713
7873.668572815283,462,6007.668572815283,1866.0,0.2525406504065041,0.05867658712421633,1526,3191.5928874826463
7873.820708212644,463,6002.820708212644,1871.0,0.2525406504065041,0.0588024565401999,1525,3197.664653834115
7908.964795710513,464,6036.964795710513,1872.0,0.25240263024785026,0.05866760214328605,1532,3203.783835174366
7913.691248617337,465,6036.691248617337,1877.0,0.252369518513838,0.05875892619404931,1532,3209.87610918177
7914.154450556039,466,6032.154450556039,1882.0,0.25246398786959817,0.0588818430207992,1532,3215.9325004722727
7924.34861594832,467,6041.34861594832,1883.0,0.25252525252525254,0.058932288650215235,1533,3221.982642047168
7947.6699195974015,468,6063.6699195974015,1884.0,0.25254813137032844,0.058885183297057095,1539,3228.054623409455
7986.680469723579,469,6097.680469723579,1889.0,0.25269221136989733,0.05872276996405644,1549,3234.173228625477
7993.118714053775,470,6103.118714053775,1890.0,0.2526592416468527,0.05880057794883365,1549,3240.2773679561756
8014.751697402147,471,6123.751697402147,1891.0,0.2526210683974039,0.058766636545043195,1553,3246.3993941333433
8017.368478457931,472,6121.368478457931,1896.0,0.2525882499688163,0.058872184965457014,1553,3252.4904303289463
8050.392909583527,473,6153.392909583527,1897.0,0.25257795999503047,0.058754896228346926,1560,3258.623416543015
8051.030882413535,474,6149.030882413535,1902.0,0.25257795999503047,0.05887444812010265,1559,3264.7213225891555
8062.531005987796,475,6155.531005987796,1907.0,0.2525127186995905,0.05891450211443925,1560,3270.8072377121002
8114.4673021810195,476,6206.4673021810195,1908.0,0.252465483234714,0.05866065907642021,1572,3276.974590788716
8114.639585412092,477,6201.639585412092,1913.0,0.252465483234714,0.05878264770471332,1571,3283.1059639430623
8115.839714066389,478,6197.839714066389,1918.0,0.252465483234714,0.058897171068020164,1570,3289.203733294785
8122.663705931666,479,6199.663705931666,1923.0,0.25240088648116227,0.05897080284761819,1571,3295.279850147889
8135.108476291551,480,6211.108476291551,1924.0,0.25252028522252273,0.05900351561369856,1574,3301.3544931190218
8200.711618950636,481,6275.711618950636,1925.0,0.2521951219512195,0.058653446475118075,1587,3307.5381877673203
8203.741345934935,482,6277.741345934935,1926.0,0.2521951219512195,0.058753680750653785,1586,3313.700434983436
8205.240981427272,483,6274.240981427272,1931.0,0.2521633150517977,0.058864815925977095,1586,3319.829918516446
8211.959853476694,484,6275.959853476694,1936.0,0.25213154689403167,0.05893842744434377,1586,3325.9376249936363
8214.300495371599,485,6277.300495371599,1937.0,0.25213154689403167,0.059043372016068366,1585,3332.0229092624572
8243.343667590047,486,6301.343667590047,1942.0,0.25203252032520324,0.05895665880227493,1591,3338.1326227569584
8269.209663600826,487,6326.209663600826,1943.0,0.2520561199806483,0.05889317356937542,1597,3344.2683045656727
8272.391723706838,488,6324.391723706838,1948.0,0.2520561199806483,0.05899140373170438,1596,3350.375114850798
8314.283868944238,489,6365.283868944238,1949.0,0.25186432523454416,0.0588144460434563,1605,3356.5405724256316
8314.776909504839,490,6360.776909504839,1954.0,0.25186432523454416,0.05893122633751823,1604,3362.6716669910993
8315.54722363337,491,6356.54722363337,1959.0,0.25195429945880937,0.059046023886984066,1604,3368.76917321644
8326.482089639132,492,6362.482089639132,1964.0,0.2519817439346625,0.05908857963103157,1606,3374.8539555668926
8340.036865428578,493,6371.036865428578,1969.0,0.25200911598896486,0.059112448536480865,1608,3380.931405688316
8361.895907050886,494,6387.895907050886,1974.0,0.2519741564967696,0.05907751130738798,1612,3387.0183783631387
8427.949538929208,495,6452.949538929208,1975.0,0.2517507418397626,0.05873314709747194,1626,3393.2121786875146
8430.091224194943,496,6454.091224194943,1976.0,0.2517200474495848,0.05883684847637779,1626,3399.3833057953925
8432.518076445618,497,6451.518076445618,1981.0,0.2517200474495848,0.058938503955094985,1625,3405.5244220341256
8433.615255092729,498,6451.615255092729,1982.0,0.2517200474495848,0.05904940940947921,1624,3411.6410702932794
8524.34201223453,499,6541.342012234531,1983.0,0.2519066056552857,0.05853824251582258,1648,3417.9130160687127
8524.772158721173,500,6536.772158721173,1988.0,0.2519066056552857,0.05865259395683445,1647,3424.150734354018
8526.114763499365,501,6533.114763499365,1993.0,0.2519066056552857,0.05876064466605597,1646,3430.3562513782604
8532.459527671772,502,6538.459527671772,1994.0,0.2518761726078799,0.05883414956402135,1646,3436.5476921676895
8532.780025237727,503,6533.780025237727,1999.0,0.2518761726078799,0.05894913480861546,1645,3442.7052117165367
8534.918594549961,504,6534.918594549961,2000.0,0.25184577522559476,0.05905152983202829,1645,3448.840555730095
8580.692627265355,505,6579.6926272653545,2001.0,0.251865671641791,0.058853057898304216,1655,3455.0402628024417
8581.461874653047,506,6575.461874653047,2006.0,0.2518354504137047,0.05896431253683777,1655,3461.2071039325815
8582.073902120994,507,6575.073902120994,2007.0,0.2518354504137047,0.059076629470028084,1654,3467.3488530414343
8606.316198986706,508,6594.316198986706,2012.0,0.2519758251975825,0.05902641597804774,1660,3473.504300572823
8614.405839743871,509,6597.405839743871,2017.0,0.2519154864174599,0.05908706990000995,1661,3479.6416316910368
8828.755233432094,510,6806.7552334320935,2022.0,0.2511332728921124,0.057765787646798586,1706,3486.1653838513134
8829.749050539434,511,6802.749050539434,2027.0,0.2511043153244988,0.05787253942044724,1706,3492.6557628467895
8835.649185043367,512,6803.649185043367,2032.0,0.2510753905365633,0.05794707205744351,1706,3499.122546874517
8837.631810717108,513,6800.631810717108,2037.0,0.2510753905365633,0.05804722475289156,1705,3505.5582374473092
8839.701540560056,514,6797.701540560056,2042.0,0.2510464984726779,0.05814675955308719,1705,3511.96318550784
8839.900768694766,515,6796.900768694766,2043.0,0.2510464984726779,0.058258572519704996,1704,3518.3417050868434
8841.329282117282,516,6797.329282117282,2044.0,0.2510464984726779,0.05836226471551918,1703,3524.696332174112
8841.613304599803,517,6792.613304599803,2049.0,0.2510464984726779,0.058473491453311294,1702,3531.017254751338
8846.32110884006,518,6792.32110884006,2054.0,0.2511023176936122,0.05855541457593785,1703,3537.3132081376098
8850.165629807874,519,6791.165629807874,2059.0,0.25107344632768364,0.05864297027978524,1703,3543.582673304604
8851.957262185759,520,6791.957262185759,2060.0,0.25107344632768364,0.058744070333615644,1702,3549.829547513991
8853.90372792825,521,6788.903727928249,2065.0,0.25107344632768364,0.058844100411504056,1701,3556.0465804898345
8856.85986172774,522,6790.85986172774,2066.0,0.2510446075663467,0.05893736698439435,1701,3562.2435407987196
8857.883177427811,523,6790.8831774278115,2067.0,0.2510446075663467,0.059043451976510584,1700,3568.4168479433256
8859.037996214738,524,6787.037996214738,2072.0,0.2510446075663467,0.059148634448107466,1699,3574.5592547148362
8860.334836894626,525,6783.334836894626,2077.0,0.2510158013544018,0.05925283972496035,1699,3580.6712082047025
8897.14742879083,526,6815.1474287908295,2082.0,0.25098347757671124,0.05912007238386138,1707,3586.8204025404175
8900.602016621606,527,6813.602016621606,2087.0,0.25098347757671124,0.05920947807977971,1706,3592.9433278043284
8902.284027482609,528,6810.2840274826085,2092.0,0.2509548416086273,0.05931062167529023,1706,3599.0367760991735
8909.023384832713,529,6812.023384832713,2097.0,0.251094398922438,0.0593780010613288,1708,3605.110474792432
8922.704525212632,530,6820.704525212632,2102.0,0.25120502185853605,0.05939903069774351,1711,3611.1776333781304
8946.861459054404,531,6839.861459054404,2107.0,0.25125796712512577,0.059350421645639466,1716,3617.258017230628
8982.885749851628,532,6870.885749851628,2112.0,0.25130831755929184,0.05922372996993613,1725,3623.373858833299
8983.80916744132,533,6866.809167441321,2117.0,0.25130831755929184,0.0593289539065091,1724,3629.45910331474
9020.133947717692,534,6898.133947717692,2122.0,0.25144124168514415,0.059200894697923494,1734,3635.5802172555696
9026.006710894926,535,6899.006710894926,2127.0,0.25149567914912474,0.059273166654554246,1735,3641.6800798605027
9032.743467073376,536,6900.743467073376,2132.0,0.2514671686413465,0.05933966816990374,1735,3647.760422000825
9095.144200253093,537,6958.144200253093,2137.0,0.2512922027933575,0.05904249434385623,1748,3653.9250100422632
9096.502072068224,538,6958.502072068224,2138.0,0.2512922027933575,0.05914361319742741,1747,3660.06734658878
9097.220779848547,539,6954.220779848547,2143.0,0.2512922027933575,0.05924886435579872,1746,3666.178948505774
9097.86862019235,540,6953.86862019235,2144.0,0.2512922027933575,0.05935456122123944,1745,3672.2672627126008
9119.359659656757,541,6970.359659656757,2149.0,0.25142606406318563,0.059324340764114865,1751,3678.363551801222
9152.902752650276,542,7002.902752650276,2150.0,0.2513111888111888,0.059216186891427505,1758,3684.49738796515
9156.712316250288,543,7001.7123162502885,2155.0,0.2513111888111888,0.05930076005951891,1757,3690.6064393984557
9180.719703173676,544,7024.719703173676,2156.0,0.2514161220043573,0.05925461375451263,1764,3696.7353240745133
9181.83747267419,545,7020.8374726741895,2161.0,0.2514161220043573,0.059356310936885925,1763,3702.834594071944
9190.96089891225,546,7024.96089891225,2166.0,0.25146962769431747,0.05940619332464129,1764,3708.9190744837397
9276.737766595483,547,7105.737766595483,2171.0,0.25159063949099536,0.05896469359839912,1786,3715.128980685041
9281.670971048334,548,7105.670971048334,2176.0,0.2515628368182798,0.059041093108055435,1786,3721.3161011054117
9282.809995483442,549,7101.8099954834415,2181.0,0.2515628368182798,0.05914157461664263,1785,3727.473649182603
9284.397030359967,550,7102.397030359967,2182.0,0.25153506409565873,0.0592391727972749,1785,3733.6098735120163
9286.025663081537,551,7103.025663081537,2183.0,0.25153506409565873,0.05933647181168273,1784,3739.7249656890936
9437.58801928316,552,7249.588019283159,2188.0,0.2509537939805002,0.0584895207199273,1816,3746.0834132499526
9438.515540168548,553,7249.515540168548,2189.0,0.2509537939805002,0.05858972183141893,1815,3752.4187335517945
9440.984921633157,554,7246.984921633157,2194.0,0.2509537939805002,0.058680318271726026,1814,3758.726614757718
9442.67078852428,555,7243.6707885242795,2199.0,0.2509268086007838,0.05877574390017854,1814,3765.0057934491892
9444.487129495172,556,7244.487129495172,2200.0,0.2509268086007838,0.05887032216536245,1813,3771.2638534061066
9445.0591242704,557,7240.0591242703995,2205.0,0.2509268086007838,0.058972632428389,1812,3777.4914930306386
9445.715903952141,558,7239.715903952141,2206.0,0.2509268086007838,0.05907440004272515,1811,3783.696196276018
9446.36474491917,559,7235.36474491917,2211.0,0.2508998517891171,0.059176203237405606,1811,3789.870916398814
9446.74596404118,560,7230.74596404118,2216.0,0.2508998517891171,0.05927967176545522,1810,3796.0153361267467
9447.964370500522,561,7226.964370500522,2221.0,0.2508998517891171,0.059377869983466086,1809,3802.131109806557
9450.2310857452,562,7224.231085745199,2226.0,0.2508998517891171,0.05946944523374937,1808,3808.2202556712164
9488.064638590322,563,7257.064638590322,2231.0,0.2508431703204047,0.05933770705040718,1817,3814.346089388657
9491.050352906575,564,7255.050352906575,2236.0,0.2508431703204047,0.05942440288785092,1816,3820.4466288629806
9545.140061417242,565,7304.140061417242,2241.0,0.250628667225482,0.05919242634100332,1827,3826.612457947147
9546.24034289067,566,7300.240342890669,2246.0,0.250628667225482,0.05929035721602324,1826,3832.74960968733
9548.1702690132,567,7301.170269013201,2247.0,0.250628667225482,0.059383105246886135,1825,3838.8667537073056
9550.117711814668,568,7298.117711814668,2252.0,0.2506806282722513,0.05947570670226549,1826,3844.9569842673536
9568.018064725888,569,7311.018064725888,2257.0,0.250601150026137,0.059468951265645546,1828,3851.0484800150834
9571.606814938323,570,7313.606814938323,2258.0,0.2506530143140738,0.05955112981766092,1829,3857.1231437605625
9647.145795139439,571,7384.145795139439,2263.0,0.2503368922981238,0.059188490785294166,1844,3863.3000660922244
9651.859090681815,572,7387.859090681815,2264.0,0.2503368922981238,0.05926319423293543,1843,3869.4618825687794
9653.987118479787,573,7384.987118479787,2269.0,0.25038848026520255,0.059353714995450536,1844,3875.59717966461
9655.267703645219,574,7381.267703645219,2274.0,0.25038848026520255,0.05944941327554221,1843,3881.704619601859
9656.309422848008,575,7377.309422848008,2279.0,0.25038848026520255,0.05954655912739082,1842,3887.7839323031562
9671.090392128452,576,7387.090392128452,2284.0,0.25038783741855414,0.05955895112600965,1845,3893.859117129242
9710.995695356996,577,7421.995695356996,2289.0,0.2504378283712785,0.059417182140846195,1854,3899.9737385819767
9712.660343491327,578,7418.660343491327,2294.0,0.2504118616144975,0.059509957062107176,1854,3906.0614316700553
9715.799515682435,579,7416.7995156824345,2299.0,0.2504118616144975,0.05959365454849356,1853,3912.1248825923562
9731.740909440445,580,7427.740909440445,2304.0,0.2504882310617741,0.05959879176780805,1857,3918.186289535198
9766.797316121376,581,7457.797316121376,2309.0,0.250384024577573,0.05948725884185019,1864,3924.2785632470504
9767.438202028217,582,7453.438202028217,2314.0,0.250384024577573,0.0595857366038054,1863,3930.34241142365
9849.620773209397,583,7530.620773209397,2319.0,0.2501269422159033,0.05919009608834264,1880,3936.5178460064726
9853.540456927676,584,7533.540456927676,2320.0,0.2501015022330491,0.05926803696121329,1880,3942.6771312991464
9854.083967133682,585,7529.083967133682,2325.0,0.2501015022330491,0.059366248750381066,1879,3948.807741274932
9854.187385547664,586,7524.187385547664,2330.0,0.2501015022330491,0.05946710541139481,1878,3954.909071725909
9857.59799918798,587,7522.597999187979,2335.0,0.25007608805924725,0.059547975079563414,1878,3960.986906355317
9858.691178757386,588,7518.691178757386,2340.0,0.25007608805924725,0.05964280545342257,1877,3967.037423825388
9900.0846961523,589,7559.0846961523,2341.0,0.2499494847443928,0.05949444051008137,1885,3973.135976070425
9900.534954688737,590,7558.534954688737,2342.0,0.2499494847443928,0.05959273945299141,1884,3979.2129234918116
9901.541311364288,591,7554.541311364288,2347.0,0.2499494847443928,0.05968767704091605,1883,3985.2625485135923
9925.725742128412,592,7577.725742128412,2348.0,0.24997481108312342,0.0596429939109979,1889,3991.330898502806
9999.706349664028,593,7650.706349664028,2349.0,0.2498499699939988,0.05930174139762852,1905,3997.5018520460794
